{"cameraMode":{"drawMode":0,"name":"Shaded","section":"Shading Mode"},"sceneLighting":true,"audioPlay":false,"sceneViewState":{"m_AlwaysRefresh":false,"showFog":true,"showSkybox":true,"showFlares":true,"showImageEffects":true,"showParticleSystems":true,"showVisualEffectGraphs":true,"m_FxEnabled":true},"in2DMode":false,"pivot":{"x":52.67359924316406,"y":41.21588134765625,"z":-9.046005249023438},"rotation":{"x":0.5208165645599365,"y":-0.002564632100984454,"z":0.0015640464844182134,"w":0.85366290807724},"size":20.813879013061525,"orthographic":false}