{"cameraMode":{"drawMode":0,"name":"Shaded","section":"Shading Mode"},"sceneLighting":true,"audioPlay":false,"sceneViewState":{"m_AlwaysRefresh":false,"showFog":true,"showSkybox":true,"showFlares":true,"showImageEffects":true,"showParticleSystems":true,"showVisualEffectGraphs":true,"m_FxEnabled":true},"in2DMode":false,"pivot":{"x":22.791540145874025,"y":21.735305786132814,"z":-18.531110763549806},"rotation":{"x":0.22633107006549836,"y":0.0014571378706023098,"z":-0.00033912021899595857,"w":0.9740495681762695},"size":9.858379364013672,"orthographic":false}