{"cameraMode":{"drawMode":0,"name":"Shaded","section":"Shading Mode"},"sceneLighting":false,"audioPlay":false,"sceneViewState":{"m_AlwaysRefresh":false,"showFog":true,"showSkybox":false,"showFlares":true,"showImageEffects":true,"showParticleSystems":true,"showVisualEffectGraphs":true,"m_FxEnabled":true},"in2DMode":false,"pivot":{"x":-0.2664816677570343,"y":29.3403263092041,"z":-36.501441955566409},"rotation":{"x":0.32289934158325198,"y":0.009933396242558957,"z":-0.0033898320980370046,"w":0.9463751912117004},"size":7.7942304611206059,"orthographic":false}